,canto_coding_id,region,division,subregion,area_kingdom,culture,lat,lng,cv_1,cv_2,cv_3,cv_4,cv_5,cv_6,cv_7,cv_8,cv_9,cv_10,cv_11,cv_12,cv_13,cv_14,cv_15,cv_16,cv_17,cv_18,cv_19,cv_20,cv_21,cv_22,cv_23,cv_24,cv_25,cv_26,cv_27,cv_28,cv_29,cv_30,cv_31,cv_32,cv_33,cv_34,cv_35,cv_36,cv_37,Number of Samples
3,752,North,India,Gangetic Plain,"Varanasi, Uttar Pradesh",Benares,25.13,82.56,0.31,0.62,0.15,0.31,0.08,0.08,0.31,0.08,0.08,0.08,1.0,0.08,1.0,0.08,1.0,0.31,0.31,0.38,0.85,0.77,0.31,0.08,0.54,0.38,0.77,0.08,0.08,0.08,1.0,0.08,0.08,0.31,0.08,0.08,0.08,0.31,0.31,5
4,753,North,India,N W India,Rajasthan,Rajasthan,27.02,74.21,0.15,0.69,0.54,0.31,0.08,0.08,0.77,1.0,0.54,0.08,0.46,0.08,0.46,0.69,0.69,0.08,0.54,0.08,0.31,0.54,0.31,0.08,0.31,0.69,0.31,1.0,1.0,0.08,1.0,0.08,1.0,0.77,0.62,0.77,0.54,0.77,0.54,7
5,754,North,India,N W India,Rajasthan,Rajasthan,23.91,87.52,0.15,0.62,0.54,0.31,0.08,0.08,1.0,0.54,0.77,0.08,0.69,0.08,0.69,0.69,0.69,0.08,0.08,0.08,0.08,0.77,0.31,0.08,0.08,0.69,0.77,0.08,0.08,0.38,0.08,0.08,0.08,0.31,0.08,0.31,0.77,0.54,0.54,7
6,755,North,India/ Bangladesh,Bay of Bengal,Bengal,Bengal,22.57,88.36,0.15,0.69,0.54,0.31,0.08,0.08,1.0,0.54,1.0,0.08,0.46,0.08,0.46,0.69,1.0,0.15,0.08,0.08,0.08,0.54,0.31,0.08,0.08,1.0,0.54,0.69,1.0,1.0,0.54,0.08,1.0,0.77,0.35,0.42,0.54,0.54,0.31,3
10,3547,North,India/ Bangladesh,Bay of Bengal,Bengal,Kanyapur,23.7,86.94,0.77,0.69,0.54,0.77,0.31,0.31,1.0,0.54,0.54,0.31,1.0,0.38,1.0,0.54,0.69,0.77,0.77,1.0,0.08,0.54,0.31,0.08,0.08,0.23,0.77,0.08,0.08,0.08,0.54,0.31,0.08,0.42,0.08,0.08,0.31,0.08,0.31,11
11,3548,North,India/ Bangladesh,Bay of Bengal,Bengal,Kanyapur,23.7,86.94,0.46,1.0,1.0,0.54,0.31,0.54,1.0,0.31,0.77,1.0,0.46,0.23,0.46,0.69,1.0,0.92,0.54,1.0,0.08,0.31,0.54,0.08,0.31,0.85,1.0,0.69,1.0,0.69,1.0,1.0,1.0,0.42,0.08,0.08,0.54,0.31,0.54,11
12,3549,North,India/ Bangladesh,Bay of Bengal,Bengal,Kanyapur,23.7,86.94,1.0,0.08,0.08,1.0,0.31,0.54,0.08,0.08,0.08,0.54,0.85,1.0,0.08,0.08,0.69,0.81,1.0,1.0,0.08,0.31,0.54,1.0,1.0,0.85,0.54,0.69,1.0,0.38,1.0,0.54,1.0,0.54,0.23,0.31,0.54,0.31,0.31,11
13,3550,North,India/ Bangladesh,Bay of Bengal,Bengal,Kanyapur,23.7,86.94,0.15,0.08,0.08,0.31,0.08,0.08,0.08,0.08,0.08,0.08,0.85,0.08,0.08,0.08,0.69,0.08,0.54,0.23,0.85,0.77,0.54,0.08,0.77,0.38,0.54,0.08,1.0,0.38,0.54,0.08,1.0,0.54,0.23,0.08,0.31,0.54,0.31,11
14,3551,North,India/ Bangladesh,Bay of Bengal,Bengal,Kanyapur,23.7,86.94,0.42,0.69,0.62,0.77,0.31,0.31,0.54,0.54,1.0,0.31,1.0,0.38,1.0,0.54,0.69,0.62,1.0,1.0,0.69,0.77,0.31,0.08,0.31,0.85,0.77,1.0,1.0,0.38,0.54,0.31,0.54,0.42,0.23,0.08,0.54,0.77,0.31,11
15,3552,North,India/ Bangladesh,Bay of Bengal,Bengal,Kanyapur,25.09,85.31,0.15,0.92,0.38,0.31,0.08,0.08,0.54,0.54,0.54,0.54,0.85,0.08,0.85,0.69,0.69,0.15,0.42,0.08,0.31,1.0,0.31,0.08,0.08,0.85,0.54,0.69,0.69,0.38,0.54,0.54,0.08,0.42,0.23,0.31,0.54,0.77,0.31,11
16,3553,North,India/ Bangladesh,Bay of Bengal,Bengal,Kanyapur,23.7,86.94,0.15,0.69,0.38,0.31,0.08,0.08,0.77,0.54,1.0,0.08,0.46,0.08,0.46,0.54,0.69,0.31,0.42,0.08,0.31,0.77,0.54,0.08,0.54,0.38,0.77,0.69,0.69,0.38,0.54,0.08,0.54,0.77,0.62,0.77,0.77,0.77,0.31,11
17,3554,North,India/ Bangladesh,Bay of Bengal,Bengal,Kanyapur,23.7,86.94,0.15,0.62,0.38,0.31,0.08,0.08,0.54,0.31,0.77,0.08,0.85,0.08,0.85,0.69,0.69,0.08,0.77,0.08,0.31,0.77,0.31,0.08,0.08,0.23,0.54,0.38,0.38,0.08,0.54,0.08,1.0,0.42,0.08,0.08,0.31,0.77,0.31,11
18,3555,North,India/ Bangladesh,Bay of Bengal,Bengal,Kanyapur,23.7,86.94,0.46,0.46,0.46,0.54,0.31,0.54,0.54,1.0,0.77,0.08,0.85,0.23,0.85,0.54,1.0,0.92,0.77,1.0,0.08,0.31,0.31,0.08,1.0,0.38,0.31,0.08,0.38,0.08,0.54,0.08,1.0,0.77,0.23,0.31,0.54,0.77,0.54,11
19,3556,North,India/ Bangladesh,Bay of Bengal,Bengal,Kanyapur,23.7,86.94,0.54,0.69,0.62,0.77,0.31,0.31,0.54,0.31,0.31,0.77,1.0,0.38,0.69,0.54,0.08,0.77,0.77,1.0,0.08,0.54,0.31,0.08,0.31,0.69,1.0,0.08,0.69,0.38,0.54,0.77,1.0,0.54,0.23,0.08,0.31,0.08,0.77,11
20,3557,North,India/ Bangladesh,Bay of Bengal,Bengal,Kanyapur,22.56,88.36,0.15,0.69,0.54,0.31,0.08,0.08,0.77,0.54,0.31,0.08,1.0,0.08,1.0,0.69,0.69,0.08,0.31,0.08,0.69,0.77,0.31,0.08,0.08,0.23,0.77,0.08,1.0,0.08,0.54,0.08,0.54,0.42,0.08,0.08,0.54,0.31,0.31,11
21,3763,North,Afghanistan/ Pakistan/ India,Indus Valley,"Punjab, India",Bhatra Sikh,18.94,81.9,0.15,0.23,0.38,0.31,0.08,0.08,1.0,0.77,0.77,0.31,0.23,0.08,0.46,0.85,0.69,0.31,0.54,0.85,0.31,0.77,0.54,0.08,0.31,0.85,0.77,0.69,1.0,0.69,0.54,0.31,1.0,0.54,0.0,0.0,0.0,0.42,0.77,9
22,3764,North,Afghanistan/ Pakistan/ India,Indus Valley,"Punjab, India",Bhatra Sikh,28.13,95.83,0.62,0.69,0.62,0.77,0.31,0.42,1.0,0.77,0.77,0.54,0.69,0.31,0.69,0.38,0.69,0.69,0.77,0.85,0.08,0.54,0.77,0.08,0.31,0.77,0.77,0.69,1.0,0.69,0.54,0.54,1.0,0.42,0.23,0.31,0.54,0.54,0.77,9
23,3765,North,Afghanistan/ Pakistan/ India,Indus Valley,"Punjab, India",Bhatra Sikh,19.24,82.02,0.38,0.15,0.46,0.54,0.54,0.77,0.54,0.77,0.77,0.31,0.69,0.23,0.69,0.54,0.69,0.46,0.54,0.62,0.31,0.54,0.54,0.08,0.54,0.69,0.54,1.0,1.0,0.38,0.54,0.31,1.0,0.54,0.62,0.54,0.54,0.54,0.54,9
24,3766,North,Afghanistan/ Pakistan/ India,Indus Valley,"Punjab, India",Bhatra Sikh,19.24,82.02,0.69,0.08,0.08,0.77,0.54,0.54,0.08,0.08,0.08,0.54,0.35,0.23,0.08,0.08,0.69,0.23,0.77,0.08,0.08,0.77,0.54,0.08,0.54,0.85,0.77,0.38,1.0,0.69,1.0,0.54,1.0,0.42,0.62,0.31,0.54,0.31,0.77,9
25,3767,North,Afghanistan/ Pakistan/ India,Indus Valley,"Punjab, India",Bhatra Sikh,19.24,82.02,0.15,0.08,0.08,0.31,0.08,0.08,0.08,0.08,0.08,0.77,1.0,0.08,0.08,0.08,0.69,0.54,0.77,0.85,0.69,0.54,0.54,0.08,0.54,0.85,0.42,0.08,1.0,0.38,0.08,0.77,1.0,0.77,0.62,0.31,0.54,0.77,0.77,9
26,3768,North,Afghanistan/ Pakistan/ India,Indus Valley,"Punjab, India",Bhatra Sikh,19.24,82.02,0.38,0.08,0.08,0.54,0.0,0.54,0.08,0.08,0.08,0.54,0.46,0.23,0.08,0.08,0.69,0.92,0.77,0.85,0.08,0.31,0.54,0.08,0.77,0.85,0.77,1.0,1.0,0.38,0.54,0.54,1.0,0.54,0.62,0.54,0.0,0.54,0.54,9
27,3769,North,Afghanistan/ Pakistan/ India,Indus Valley,"Punjab, India",Bhatra Sikh,19.24,82.02,0.69,0.08,0.08,0.77,0.0,0.42,0.08,0.08,0.08,0.31,0.85,0.38,0.08,0.08,0.85,0.5,0.54,0.85,0.08,0.77,0.31,0.08,0.54,0.69,0.77,0.69,1.0,0.69,0.54,0.31,1.0,0.31,0.62,0.31,0.54,0.54,0.54,9
28,3770,North,Afghanistan/ Pakistan/ India,Indus Valley,"Punjab, India",Bhatra Sikh,19.24,82.02,0.46,0.08,0.08,0.77,0.77,0.77,0.08,0.08,0.08,0.54,0.85,0.23,0.08,0.08,0.08,0.77,0.77,0.23,0.31,0.31,0.54,0.08,0.31,0.85,0.77,0.69,1.0,0.69,1.0,0.54,1.0,0.54,0.62,0.54,0.77,0.54,0.54,9
29,3771,North,Afghanistan/ Pakistan/ India,Indus Valley,"Punjab, India",Bhatra Sikh,19.24,82.02,0.15,0.08,0.08,0.31,0.08,0.08,0.08,0.08,0.08,0.08,0.92,0.08,0.08,0.08,0.69,0.54,0.77,1.0,0.69,0.31,0.31,0.08,0.0,1.0,0.54,0.69,1.0,1.0,1.0,0.08,1.0,0.31,0.0,0.0,0.77,0.42,0.31,9
30,3818,North,India/ Nepal/ Tibet,Himalayan Mtns & Foothills,Uttarakhand,Garhwal,30.21,78.92,0.69,0.15,0.15,0.54,0.54,0.54,0.31,0.08,0.08,0.54,0.69,0.23,0.69,0.08,0.69,0.92,0.77,1.0,0.85,0.54,0.31,0.08,0.54,0.69,0.54,0.69,0.69,0.69,0.0,0.54,1.0,0.54,0.62,0.31,0.31,0.42,0.08,2
31,3819,North,India/ Nepal/ Tibet,Himalayan Mtns & Foothills,Uttarakhand,Garhwal,30.21,78.92,0.62,0.15,0.38,0.54,0.54,0.54,0.54,0.77,0.54,0.54,0.85,0.23,0.85,0.54,0.69,0.62,0.88,1.0,1.0,0.31,0.54,0.08,0.31,0.69,0.77,0.69,0.69,0.69,0.54,0.54,0.54,0.54,0.35,0.31,0.54,0.54,0.31,2
32,3820,North,India,E C India/ E Central Tribal Area,Chota Nagpur Plateau,"Gadaba, Bhumij",22.5,85.5,0.15,0.62,0.54,0.31,0.08,0.08,0.77,0.54,0.08,0.54,0.85,0.08,0.92,0.38,0.69,0.46,0.77,0.23,0.31,0.54,0.31,0.08,0.31,0.85,0.77,0.38,0.38,0.69,0.54,0.54,0.08,0.77,0.23,0.31,0.54,0.31,0.54,25
33,3821,North,India,E C India/ E Central Tribal Area,Chota Nagpur Plateau,"Gadaba, Bhumij",22.5,85.5,0.15,0.62,0.54,0.31,0.08,0.08,1.0,0.54,0.31,0.54,0.85,0.08,0.85,0.38,0.69,0.46,0.77,0.62,0.31,0.77,0.54,0.08,0.31,0.85,0.77,0.69,0.69,0.69,0.54,0.54,0.54,0.31,0.62,0.31,0.54,0.31,0.54,25
34,3822,North,India,E C India/ E Central Tribal Area,Chota Nagpur Plateau,"Gadaba, Bhumij",23.34,86.36,0.15,0.08,0.08,0.31,0.08,0.08,0.08,0.08,0.08,0.31,0.85,0.08,0.08,0.08,0.69,0.69,0.77,0.08,0.31,0.77,0.54,0.08,0.54,0.85,0.77,0.69,1.0,0.69,0.54,0.31,0.54,0.42,0.62,0.54,0.54,0.77,0.31,25
35,3823,North,India,E C India/ E Central Tribal Area,Chota Nagpur Plateau,"Gadaba, Bhumij",23.34,86.36,0.15,0.08,0.08,0.31,0.08,0.08,0.08,0.08,0.08,0.31,0.85,0.08,0.08,0.08,0.69,0.38,0.54,0.23,0.31,0.77,0.31,0.08,0.31,0.69,0.54,0.69,1.0,1.0,0.54,0.31,0.54,0.77,0.62,0.31,0.54,0.42,0.31,25
36,3824,North,India,E C India/ E Central Tribal Area,Chota Nagpur Plateau,"Gadaba, Bhumij",23.34,86.36,0.62,0.23,0.38,0.77,0.54,0.54,0.54,0.54,0.77,0.54,0.46,0.38,0.46,0.69,0.69,0.46,0.77,0.23,0.08,0.54,0.54,0.08,0.77,0.69,0.77,1.0,1.0,0.69,1.0,0.54,0.54,0.54,0.62,0.54,0.54,0.42,0.54,25
37,3825,North,India,E C India/ E Central Tribal Area,Chota Nagpur Plateau,"Gadaba, Bhumij",23.34,86.36,0.15,0.08,0.08,0.31,0.08,0.08,0.08,0.08,0.08,0.08,1.0,0.08,0.08,0.08,0.69,0.15,0.77,0.08,0.31,0.77,0.54,0.08,0.31,0.85,0.42,0.08,1.0,0.69,0.54,0.08,0.54,0.77,0.62,0.54,0.54,0.77,0.31,25
38,3826,North,India,E C India/ E Central Tribal Area,Chota Nagpur Plateau,"Gadaba, Bhumij",23.34,86.36,0.15,0.92,0.15,0.31,0.08,0.08,0.31,0.08,0.08,0.54,0.46,0.08,0.46,0.69,0.69,0.62,0.77,0.92,0.08,0.54,0.54,0.08,0.77,0.77,0.77,0.69,1.0,0.38,0.54,0.54,1.0,0.77,0.35,0.31,0.77,0.77,0.77,25
39,3827,North,India,E C India/ E Central Tribal Area,Chota Nagpur Plateau,"Gadaba, Bhumij",23.34,86.36,0.15,0.15,0.15,0.31,0.08,0.08,0.31,0.08,0.08,0.54,0.46,0.08,0.46,0.08,0.69,0.23,0.88,0.31,0.08,0.31,0.54,0.08,0.77,0.77,0.54,0.69,0.69,0.69,0.54,0.54,0.54,0.54,0.46,0.31,0.54,0.42,0.31,25
40,3828,North,India,E C India/ E Central Tribal Area,Chota Nagpur Plateau,"Gadaba, Bhumij",23.34,86.36,0.15,0.08,0.08,0.31,0.08,0.08,0.08,0.08,0.08,0.31,0.85,0.08,0.08,0.08,0.69,0.46,0.54,0.62,0.31,0.77,0.54,0.08,0.54,0.69,0.42,0.69,1.0,0.38,0.54,0.31,0.54,0.77,0.62,0.54,0.54,0.54,0.54,25
41,3829,North,India,E C India/ E Central Tribal Area,Chota Nagpur Plateau,"Gadaba, Bhumij",23.34,86.36,0.15,0.08,0.08,0.31,0.08,0.08,0.08,0.08,0.08,0.31,0.85,0.08,0.08,0.08,0.69,0.15,0.77,0.08,0.31,0.77,0.54,0.08,0.31,0.85,0.42,0.38,1.0,0.38,0.08,0.31,0.54,0.77,0.46,0.31,0.54,0.77,0.31,25
42,3836,North,India,E C India/ E Central Tribal Area,Chota Nagpur Plateau,"Gadaba, Bhumij",22.36,85.43,0.15,0.62,0.15,0.31,0.08,0.08,0.31,0.08,0.08,0.31,0.46,0.08,0.46,0.08,0.69,0.15,0.54,0.08,0.31,0.54,0.31,0.08,0.54,0.38,0.42,0.69,0.69,0.69,0.54,0.31,1.0,0.54,0.35,0.31,0.31,0.77,0.31,25
43,3837,North,India,E C India/ E Central Tribal Area,Chota Nagpur Plateau,"Gadaba, Bhumij",22.36,85.43,0.15,0.62,0.15,0.31,0.08,0.08,0.31,0.08,0.08,0.31,0.46,0.08,0.85,0.08,0.69,0.46,0.77,0.38,0.08,0.54,0.31,0.08,0.54,0.69,0.31,0.69,0.38,1.0,0.08,0.31,1.0,0.54,0.46,0.54,0.54,0.77,0.54,25
44,3838,North,India,E C India/ E Central Tribal Area,Chota Nagpur Plateau,"Gadaba, Bhumij",22.36,85.43,0.46,0.08,0.08,1.0,0.54,0.54,0.08,0.08,0.08,0.31,0.85,0.23,0.08,0.08,0.69,0.92,0.54,0.85,0.31,0.54,0.54,0.46,0.77,0.69,0.54,0.69,1.0,0.69,1.0,0.31,1.0,0.54,0.35,0.31,0.54,0.77,0.54,25
45,3839,North,India,E C India/ E Central Tribal Area,Chota Nagpur Plateau,"Gadaba, Bhumij",22.36,85.43,0.15,0.08,0.08,0.31,0.08,0.08,0.08,0.08,0.08,0.54,0.46,0.08,0.08,0.08,0.69,0.38,0.77,0.23,0.08,0.54,0.54,0.08,0.54,0.69,0.31,0.38,1.0,0.69,0.54,0.54,1.0,0.54,0.62,0.54,0.54,0.77,0.77,25
46,3840,North,India,E C India/ E Central Tribal Area,Chota Nagpur Plateau,"Gadaba, Bhumij",22.36,85.43,0.69,0.62,0.54,0.77,0.31,0.31,0.77,0.54,0.08,0.54,0.85,0.38,0.85,0.38,0.69,0.77,0.42,0.23,0.08,0.54,0.31,0.08,0.0,0.69,0.77,0.69,0.69,0.0,0.0,0.54,1.0,0.42,0.23,0.31,0.31,0.42,0.42,25
47,3841,North,India,E C India/ E Central Tribal Area,Chota Nagpur Plateau,"Gadaba, Bhumij",23.34,86.36,0.38,0.92,0.85,0.77,0.31,0.54,0.54,0.77,0.77,0.31,0.46,0.38,0.46,0.54,0.69,0.62,0.54,0.85,0.31,0.77,0.31,0.08,0.31,0.38,0.77,0.69,1.0,0.69,0.08,0.31,1.0,0.42,0.62,0.31,0.54,0.54,0.77,25
48,3842,North,India,E C India/ E Central Tribal Area,Andhra Pradesh/ Odisha,"Gadaba, Bhumij",21.77,84.36,0.5,0.08,0.08,1.0,0.77,0.31,0.08,0.08,0.08,0.77,0.92,0.23,0.08,0.08,0.69,0.77,0.54,1.0,0.31,0.54,0.77,0.46,0.54,0.69,0.77,0.69,1.0,0.38,1.0,0.77,1.0,1.0,0.62,0.42,0.54,0.77,0.31,25
49,3843,North,India,E C India/ E Central Tribal Area,Chota Nagpur Plateau,"Gadaba, Bhumij",23.34,86.36,0.46,0.08,0.08,0.54,0.31,0.31,0.08,0.08,0.08,0.31,0.46,0.38,0.08,0.08,0.69,0.46,0.77,0.38,0.69,0.54,0.54,0.08,0.77,0.69,0.54,0.69,1.0,0.38,1.0,0.31,1.0,0.77,0.62,0.42,0.54,0.77,0.54,25
50,9872,North,India,Gangetic Plain,Bihar/ Uttar Pradesh,Bhojpuri,25.88,84.29,0.15,0.23,0.38,0.31,0.08,0.08,1.0,0.54,0.54,0.08,0.69,0.08,0.69,1.0,0.69,0.46,0.77,0.62,0.08,0.54,0.31,0.08,0.31,0.69,0.54,0.69,0.85,0.69,0.08,0.08,0.54,0.54,0.46,0.31,0.77,0.77,0.54,11
51,9873,North,India,Gangetic Plain,Bihar/ Uttar Pradesh,Bhojpuri,25.88,84.29,0.92,0.08,0.08,0.54,0.77,0.54,0.08,0.08,0.08,0.08,0.85,0.23,0.08,0.08,0.69,0.69,0.31,0.85,0.08,0.54,0.31,0.08,0.31,0.69,0.54,1.0,0.08,0.38,0.08,0.08,0.54,0.54,0.46,0.54,0.54,0.77,0.31,11
52,9874,North,India,Gangetic Plain,Bihar/ Uttar Pradesh,Bhojpuri,25.88,84.29,0.92,0.08,0.08,0.54,0.77,0.54,0.08,0.08,0.08,0.54,0.85,0.23,0.08,0.08,0.69,0.85,0.31,0.85,0.08,0.54,0.54,0.08,0.54,0.69,0.54,0.69,0.08,0.69,0.54,0.54,1.0,0.54,0.46,0.54,0.54,0.54,0.31,11
53,9875,North,India,Gangetic Plain,Bihar/ Uttar Pradesh,Bhojpuri,25.88,84.29,0.77,0.77,0.85,0.31,0.08,0.08,1.0,0.31,0.54,0.31,0.46,0.08,0.46,0.69,0.85,0.85,0.54,0.85,0.08,0.31,0.42,0.08,0.54,0.77,0.54,0.69,0.69,1.0,0.54,0.31,0.54,0.54,0.23,0.31,0.54,0.77,0.31,11
54,9876,North,India,Gangetic Plain,Bihar/ Uttar Pradesh,Bhojpuri,25.88,84.29,0.85,1.0,0.85,0.77,0.77,0.77,1.0,0.54,1.0,0.77,0.46,0.23,0.46,0.85,0.69,0.69,0.77,0.85,0.08,0.54,0.54,0.08,1.0,0.77,0.77,0.69,0.69,1.0,1.0,0.77,1.0,0.42,0.46,0.31,0.54,0.31,0.54,11
55,9877,North,India,Gangetic Plain,Bihar/ Uttar Pradesh,Bhojpuri,25.88,84.29,0.92,0.08,0.08,0.31,0.77,0.77,0.08,0.08,0.08,0.54,0.46,0.23,0.08,0.08,0.69,0.62,0.77,0.85,0.31,0.54,0.42,0.08,0.54,0.69,0.54,0.69,0.08,0.69,0.54,0.54,1.0,0.54,0.23,0.31,0.31,0.54,0.54,11
56,9878,North,India,Gangetic Plain,Bihar/ Uttar Pradesh,Bhojpuri,25.88,84.29,0.15,0.08,0.08,0.31,0.08,0.08,0.08,0.08,0.08,0.08,1.0,0.08,0.08,0.08,0.85,0.08,0.42,0.0,0.69,0.31,0.31,0.08,0.31,0.38,0.77,0.08,0.08,0.38,0.54,0.08,0.54,0.42,0.35,0.54,0.54,0.77,0.31,11
57,9879,North,India,Gangetic Plain,Bihar/ Uttar Pradesh,Bhojpuri,25.88,84.29,0.15,0.92,0.15,0.31,0.08,0.08,1.0,0.08,0.08,0.31,0.85,0.08,0.46,0.08,0.0,0.15,0.77,0.08,0.31,0.54,0.42,0.08,0.54,0.38,0.54,0.69,0.69,0.69,0.54,0.31,1.0,0.54,0.23,0.31,0.54,0.77,0.54,11
58,9880,North,India,Gangetic Plain,Bihar/ Uttar Pradesh,Bhojpuri,25.88,84.29,0.15,0.92,0.15,0.31,0.08,0.08,1.0,0.08,0.08,0.54,1.0,0.08,0.46,0.08,0.85,0.77,0.77,0.85,0.31,0.77,0.77,0.08,0.54,0.38,0.31,0.69,1.0,0.0,0.08,0.54,1.0,0.54,0.23,0.31,0.31,0.77,0.77,11
59,9881,North,India,Gangetic Plain,Bihar/ Uttar Pradesh,Bhojpuri,25.88,84.29,0.15,0.15,0.15,0.31,0.08,0.08,1.0,0.08,0.08,0.31,0.92,0.08,0.92,0.08,0.0,0.31,0.77,0.69,0.31,0.77,0.54,0.08,0.77,0.69,0.77,1.0,1.0,0.69,0.54,0.31,1.0,0.42,0.46,0.31,0.54,0.31,0.08,11
60,9882,North,India,Gangetic Plain,Bihar/ Uttar Pradesh,Bhojpuri,25.88,84.29,0.62,0.81,0.62,0.77,0.54,0.54,0.88,0.54,1.0,0.08,1.0,0.38,1.0,0.85,0.69,0.15,0.77,0.08,0.08,0.54,0.31,0.0,0.31,0.77,0.77,0.69,0.69,0.69,0.08,0.08,0.54,0.42,0.23,0.31,0.54,0.77,0.31,11
62,9883,North,India/ Bangladesh,Bay of Bengal,Bengal,Bengal,22.57,88.36,0.15,0.85,0.85,0.31,0.08,0.08,1.0,0.31,1.0,0.31,0.85,0.08,1.0,0.69,0.69,0.19,0.77,0.62,0.31,0.77,0.31,0.08,0.08,0.38,0.77,0.38,1.0,0.38,0.08,0.31,0.54,0.77,0.23,0.31,0.77,1.0,1.0,3
63,9884,North,India/ Bangladesh,Bay of Bengal,Bengal,Bengal,22.57,88.36,0.15,1.0,0.85,0.31,0.08,0.08,1.0,0.31,1.0,0.54,1.0,0.08,1.0,0.69,0.69,0.15,0.88,0.08,0.31,0.77,0.42,0.08,0.31,0.85,0.77,0.69,0.69,0.38,0.08,0.54,0.54,0.77,0.23,0.31,0.54,0.42,0.31,3
64,9885,North,India,E C India/ E Central Tribal Area,Odisha,Paroja,18.85,82.73,0.38,0.23,1.0,0.77,0.54,0.77,0.54,1.0,1.0,0.77,0.46,0.23,0.35,0.85,0.85,0.85,0.54,1.0,0.31,0.54,0.31,0.08,0.54,0.85,0.77,1.0,1.0,0.69,0.54,0.77,1.0,0.42,0.35,0.31,0.31,0.31,0.54,4
65,9886,North,India,E C India/ E Central Tribal Area,Odisha,Paroja,18.85,82.73,0.92,0.23,1.0,0.77,0.54,1.0,1.0,0.54,1.0,0.54,0.35,0.23,0.35,0.85,0.0,0.62,0.77,0.85,0.08,0.77,0.54,0.08,0.77,0.85,0.77,1.0,1.0,0.38,0.54,0.54,1.0,0.77,0.23,0.31,0.54,0.31,0.77,4
66,9887,North,India,E C India/ E Central Tribal Area,Odisha,Paroja,18.85,82.73,0.38,0.08,0.08,0.88,0.77,1.0,0.08,0.08,0.08,0.54,0.85,0.23,0.08,0.08,0.85,0.69,0.77,0.85,0.08,0.77,0.54,0.35,0.54,0.85,0.42,1.0,0.08,0.69,0.54,0.54,1.0,0.77,0.35,0.31,0.77,0.31,0.54,4
67,9888,North,India,E C India/ E Central Tribal Area,Odisha,Paroja,18.32,82.87,0.77,0.69,0.15,0.88,0.77,0.77,1.0,0.31,1.0,0.54,0.46,0.23,0.35,0.85,0.85,0.85,0.77,1.0,0.31,0.54,0.54,0.23,0.54,0.85,0.77,0.69,0.69,0.69,0.54,0.54,0.54,0.77,0.23,0.31,0.54,0.31,0.54,4
68,9889,North,India,E C India/ E Central Tribal Area,Andhra Pradesh/ Odisha,Hill Saora,19.58,84.68,0.46,0.62,0.54,0.88,0.77,0.54,0.88,1.0,0.31,0.54,0.85,1.0,0.23,1.0,0.69,0.85,0.77,1.0,0.08,0.31,0.77,1.0,0.54,0.85,0.42,0.69,0.08,0.69,1.0,0.54,0.08,0.54,0.35,0.54,0.77,0.54,0.31,3
69,9890,North,India,E C India/ E Central Tribal Area,Andhra Pradesh/ Odisha,Hill Saora,19.58,84.68,0.15,0.62,0.15,0.31,0.08,0.08,0.31,0.08,0.08,0.54,0.85,0.08,0.85,0.08,0.0,0.85,0.77,0.73,0.08,0.54,0.54,0.08,0.77,0.85,0.54,0.69,0.69,0.0,0.54,0.54,1.0,0.54,0.46,0.31,0.54,0.31,0.31,3
70,9891,North,India,E C India/ E Central Tribal Area,Andhra Pradesh/ Odisha,Hill Saora,19.58,84.68,0.92,0.92,0.85,0.77,0.54,0.54,1.0,0.54,1.0,0.54,0.46,0.23,0.46,0.85,0.69,0.23,0.77,0.08,0.31,0.54,0.54,0.08,0.54,0.85,0.54,1.0,1.0,0.69,0.54,0.54,0.54,0.54,0.23,0.54,0.31,0.31,0.31,3
71,9895,North,India,Gangetic Plain,Uttar Pradesh,Uttar Pradesh,26.84,80.94,0.73,0.85,0.85,0.54,0.54,0.77,1.0,0.54,1.0,0.77,1.0,0.23,1.0,0.85,0.69,0.62,0.77,0.85,0.69,0.77,0.31,0.08,0.31,0.69,0.77,0.69,0.69,0.69,0.54,0.77,0.54,0.42,0.46,0.31,0.31,0.31,0.31,9
72,9896,North,India,Gangetic Plain,Uttar Pradesh,Uttar Pradesh,25.26,83.0,0.77,1.0,0.85,0.77,0.54,0.54,1.0,0.31,0.77,0.54,0.46,0.23,0.46,0.85,0.85,0.77,0.77,0.85,0.08,0.77,0.54,0.08,0.54,0.69,0.77,0.69,0.69,0.69,0.54,0.54,1.0,0.77,0.46,0.31,0.54,0.77,0.54,9
73,9897,North,India,Gangetic Plain,"Varanasi, Uttar Pradesh",Benares,26.84,80.94,0.77,0.85,0.73,0.77,0.54,0.77,1.0,0.31,1.0,0.54,0.46,0.23,0.46,0.85,0.69,0.35,0.77,0.85,0.31,0.77,0.31,0.08,0.54,0.69,0.77,0.69,0.69,0.69,0.54,0.54,1.0,0.77,0.35,0.31,0.42,0.77,0.31,5
74,9898,North,India,Gangetic Plain,"Varanasi, Uttar Pradesh",Benares,26.84,80.94,0.15,0.92,0.15,0.31,0.08,0.08,0.31,0.08,0.08,0.31,0.85,0.08,0.46,0.08,0.69,0.69,0.77,0.85,0.69,0.77,0.42,0.08,0.54,0.38,0.77,0.38,1.0,0.38,0.54,0.31,0.54,0.0,0.23,0.08,0.31,0.77,0.31,5
75,9899,North,India,Gangetic Plain,Uttar Pradesh,Uttar Pradesh,26.84,80.94,0.77,0.77,0.15,0.77,0.54,0.77,1.0,0.08,0.08,0.54,0.85,0.23,0.46,0.08,0.69,0.85,0.54,0.92,0.08,0.31,0.54,0.0,0.54,0.38,0.31,1.0,1.0,0.69,0.54,0.54,1.0,0.77,0.46,0.31,0.54,0.77,0.31,9
76,9900,North,India,Gangetic Plain,"Varanasi, Uttar Pradesh",Benares,26.84,80.94,0.15,0.92,0.15,0.31,0.08,0.08,1.0,0.08,0.08,0.54,0.85,0.08,0.85,0.08,0.0,0.15,0.31,0.08,0.69,0.77,0.54,0.08,0.31,0.69,0.77,0.38,0.69,0.38,0.54,0.54,0.54,0.77,0.35,0.31,0.08,0.77,0.31,5
77,9901,North,India,Gangetic Plain,"Varanasi, Uttar Pradesh",Benares,26.84,80.94,0.15,0.08,0.08,0.31,0.08,0.08,0.08,0.08,0.08,0.31,0.85,0.08,0.08,0.08,0.69,0.85,0.77,0.85,0.69,0.54,0.54,0.08,0.77,0.69,0.19,0.69,0.08,0.69,0.54,0.31,1.0,0.77,0.23,0.54,0.54,0.77,0.54,5
78,9906,North,India/ Nepal/ Tibet,Himalayan Mtns & Foothills,Himachal Pradesh,Kullu,32.55,76.12,0.62,0.08,0.08,0.54,0.77,0.77,0.08,0.08,0.08,0.54,1.0,0.23,0.08,0.08,0.85,0.08,0.31,0.38,0.31,0.77,0.42,0.08,0.31,0.38,0.77,0.08,0.08,0.38,0.08,0.54,0.54,0.31,0.46,0.54,0.77,0.42,0.77,7
79,9907,North,India/ Nepal/ Tibet,Himalayan Mtns & Foothills,Himachal Pradesh,Kullu,32.55,76.12,0.69,1.0,0.85,0.54,0.77,0.77,1.0,0.54,0.77,0.54,0.46,0.23,0.46,0.69,0.69,0.85,0.77,1.0,0.69,0.54,0.54,0.08,0.77,0.85,0.77,1.0,1.0,1.0,1.0,0.54,1.0,0.42,0.46,0.54,0.54,0.31,0.54,7
80,9908,North,India/ Nepal/ Tibet,Himalayan Mtns & Foothills,Himachal Pradesh,Kullu,32.55,76.12,0.46,0.69,0.73,0.77,0.08,0.08,0.88,0.31,0.77,0.77,0.46,0.23,0.46,0.69,0.69,0.23,0.77,0.08,0.0,0.54,0.31,0.08,0.31,0.69,0.54,0.38,0.38,0.69,0.08,0.77,0.54,0.54,0.23,0.31,0.54,0.54,0.31,7
81,9909,North,India/ Nepal/ Tibet,Himalayan Mtns & Foothills,Himachal Pradesh,Kullu,31.95,77.1,0.69,1.0,0.73,0.54,0.54,0.54,0.88,0.31,0.77,0.31,0.46,0.23,0.46,0.92,0.69,0.69,0.77,0.85,0.0,0.77,0.31,0.08,0.31,1.0,0.77,1.0,1.0,0.38,0.54,0.31,0.54,0.31,0.23,0.31,0.54,0.31,0.31,7
82,9910,North,India/ Nepal/ Tibet,Himalayan Mtns & Foothills,Himachal Pradesh,Kullu,31.95,77.1,0.46,0.85,0.85,0.54,0.77,0.77,0.88,0.54,1.0,0.31,0.85,0.23,0.46,0.69,0.69,0.46,0.77,0.62,0.31,0.54,0.31,0.08,0.54,0.69,0.42,0.69,1.0,0.69,0.54,0.31,1.0,0.54,0.46,0.31,0.54,0.54,0.08,7
83,9911,North,India/ Nepal/ Tibet,Himalayan Mtns & Foothills,Himachal Pradesh,Kullu,31.95,77.1,0.15,0.62,0.15,0.31,0.08,0.08,0.31,0.08,0.08,0.31,1.0,0.08,1.0,0.08,0.69,0.46,0.42,0.23,0.31,0.77,0.31,0.08,0.31,0.23,0.42,0.08,0.08,0.69,0.08,0.31,0.54,0.42,0.46,0.54,0.77,0.77,0.31,7
84,9912,North,India/ Nepal/ Tibet,Himalayan Mtns & Foothills,Himachal Pradesh,Kullu,31.95,77.1,0.15,0.08,0.08,0.31,0.08,0.08,0.08,0.08,0.08,0.54,0.85,0.08,0.08,0.08,0.69,0.85,0.54,1.0,0.69,0.54,0.54,0.08,0.54,0.69,0.54,0.69,0.08,0.38,0.54,0.54,1.0,0.54,0.23,0.31,0.54,0.77,0.31,7
85,9914,North,India,Gangetic Plain,Uttar Pradesh,Uttar Pradesh,26.44,80.33,0.46,0.08,0.08,0.54,0.77,0.54,0.08,0.08,0.08,0.31,0.69,0.23,0.08,0.08,0.69,0.46,0.42,0.23,0.31,0.77,0.54,0.08,0.54,0.69,0.0,0.0,0.0,0.38,0.08,0.31,1.0,0.77,0.35,0.42,0.42,0.54,0.31,9
86,9915,North,India,Gangetic Plain,Uttar Pradesh,Uttar Pradesh,26.33,79.64,0.77,1.0,0.85,0.54,0.54,0.54,1.0,0.77,0.77,0.77,0.46,0.23,0.46,0.85,0.69,0.62,0.42,0.85,0.08,0.54,0.42,0.08,0.54,0.69,0.54,0.69,0.69,0.69,0.54,0.77,1.0,0.54,0.46,0.54,0.54,0.54,0.54,9
87,9916,North,India,Gangetic Plain,Uttar Pradesh,Uttar Pradesh,26.24,81.25,0.46,0.92,0.85,0.54,0.54,0.54,1.0,0.54,0.77,0.77,0.46,0.23,0.46,0.85,0.69,0.85,0.77,1.0,0.31,0.54,0.54,0.08,1.0,0.85,0.54,1.0,1.0,0.69,0.54,0.77,1.0,0.54,0.46,0.54,0.31,0.54,0.54,9
88,9918,North,India,Gangetic Plain,Uttar Pradesh,Uttar Pradesh,25.31,82.97,0.85,0.15,0.85,0.54,0.54,0.54,1.0,0.54,0.77,0.77,0.46,0.23,0.46,0.85,0.69,0.38,0.77,0.62,0.31,0.54,0.54,0.08,0.31,0.85,0.54,0.69,1.0,0.38,0.08,0.77,1.0,0.42,0.23,0.08,0.31,0.54,0.54,9
89,9919,North,India,Gangetic Plain,Uttar Pradesh,Uttar Pradesh,26.95,80.21,0.85,0.23,0.85,0.77,0.54,0.77,1.0,0.54,0.77,0.77,0.46,0.23,0.46,0.85,0.85,0.77,0.54,0.85,0.08,0.54,0.54,0.08,0.77,0.85,0.77,0.69,0.69,0.69,0.54,0.77,1.0,0.42,0.35,0.31,0.31,0.54,0.54,9
90,9920,North,India,Gangetic Plain,Uttar Pradesh,Uttar Pradesh,25.31,82.97,0.15,0.92,0.15,0.31,0.08,0.08,0.31,0.08,0.08,0.31,0.85,0.08,0.85,0.08,0.0,0.15,0.77,0.08,0.31,0.54,0.54,0.08,0.54,0.85,0.54,0.69,0.69,0.69,0.54,0.31,0.0,0.42,0.23,0.31,0.31,0.54,0.54,9
91,3847,North,India,E C India/ E Central Tribal Area,Chota Nagpur Plateau,Kurukh,21.14,79.08,0.46,0.15,0.38,0.54,0.54,0.77,1.0,0.54,0.77,0.77,0.46,0.23,0.46,0.69,0.69,0.62,1.0,0.73,0.08,0.54,0.54,0.08,0.77,0.85,0.54,1.0,1.0,0.69,1.0,0.77,1.0,0.42,0.46,0.54,0.54,0.54,0.54,3
92,3848,North,India,E C India/ E Central Tribal Area,Chota Nagpur Plateau,Kurukh,21.9,83.4,0.46,0.62,0.38,1.0,0.54,0.54,1.0,0.54,0.77,0.54,0.46,0.23,0.46,0.69,0.69,0.92,0.54,0.85,0.08,0.31,0.54,0.46,0.54,0.77,0.77,1.0,1.0,0.69,0.54,0.54,1.0,0.77,0.46,0.54,0.31,0.54,0.54,3
93,3849,North,India,E C India/ E Central Tribal Area,Chota Nagpur Plateau,Kurukh,21.14,79.08,0.38,0.23,0.38,0.54,0.54,0.77,1.0,0.54,0.77,0.31,0.46,0.23,0.46,0.85,0.69,0.46,0.54,0.38,0.31,0.77,0.54,0.08,0.77,0.69,0.42,1.0,1.0,0.69,0.54,0.31,1.0,0.42,0.62,0.31,0.54,0.77,0.54,3
94,9921,North,India,N W India,Rajasthan,Rajasthan,27.02,74.21,0.15,0.77,0.15,0.31,0.08,0.08,1.0,0.08,0.08,0.31,1.0,0.08,1.0,0.08,0.69,0.31,0.31,0.62,0.31,0.77,0.31,0.08,0.31,0.38,0.54,0.08,0.08,0.38,0.08,0.31,0.08,0.31,0.46,0.08,0.54,0.31,0.54,7
95,9922,North,India,N W India,Rajasthan,Rajasthan,27.02,74.21,0.46,0.77,0.54,0.77,0.54,0.31,1.0,0.77,0.77,0.31,0.85,0.38,0.85,0.38,0.69,0.31,0.31,0.38,0.08,0.54,0.31,0.08,0.08,0.85,0.77,0.69,1.0,0.08,0.08,0.31,0.08,0.42,0.23,0.08,0.31,0.31,0.54,7
96,9923,North,India,N W India,Rajasthan,Rajasthan,27.02,74.21,0.15,0.77,0.15,0.31,0.08,0.08,1.0,0.08,0.08,0.31,0.92,0.08,0.92,0.08,0.69,0.15,0.42,0.08,0.31,0.77,0.31,0.08,0.31,0.38,0.54,0.69,0.69,0.38,0.08,0.31,0.54,0.42,0.23,0.31,0.31,0.31,0.31,7
97,9924,North,India,N W India,Rajasthan,Rajasthan,27.02,74.21,0.15,0.77,0.54,0.31,0.08,0.08,1.0,0.77,0.77,0.31,1.0,0.0,1.0,0.31,0.85,0.15,0.77,0.08,0.31,0.54,0.31,0.08,0.08,0.23,0.77,0.08,1.0,0.08,0.08,0.31,0.08,0.42,0.23,0.31,0.54,0.31,0.31,7
98,9925,North,India,N W India,Rajasthan,Rajasthan,27.02,74.21,0.92,0.15,0.85,0.77,0.31,0.54,1.0,0.54,0.77,0.77,0.23,0.23,0.46,0.69,0.69,0.62,0.77,0.85,0.31,0.31,0.31,0.08,0.54,0.69,0.54,1.0,1.0,0.38,0.54,0.77,0.54,0.54,0.46,0.54,0.31,0.31,0.54,7
99,9902,North,Afghanistan/ Pakistan/ India,Hindu Kush/ Karakoram,Gilgit-Baltistan,Burusho,36.0,76.0,0.15,0.38,0.62,0.31,0.08,0.08,1.0,0.54,0.77,1.0,0.69,0.08,0.69,0.46,0.69,0.23,0.77,0.38,0.69,0.54,0.42,0.08,0.54,0.85,0.77,1.0,1.0,0.69,0.54,1.0,0.08,0.54,0.46,0.54,0.54,0.31,0.77,3
100,9903,North,Afghanistan/ Pakistan/ India,Hindu Kush/ Karakoram,Gilgit-Baltistan,Burusho,36.0,76.0,0.15,0.92,0.15,0.31,0.08,0.08,1.0,0.08,0.08,0.54,0.69,0.08,0.69,0.08,0.85,0.15,0.88,0.08,0.31,0.54,0.42,0.08,0.31,0.69,0.54,1.0,1.0,1.0,0.54,0.54,0.54,0.54,0.46,0.54,0.31,0.31,0.31,3
102,9905,North,Afghanistan/ Pakistan/ India,Hindu Kush/ Karakoram,Gilgit-Baltistan,Burusho,36.0,76.0,0.15,0.77,0.15,0.31,0.08,0.08,1.0,0.08,0.08,0.54,1.0,0.08,1.0,0.08,0.85,0.77,0.54,0.85,0.08,0.54,0.31,0.08,0.31,0.38,0.42,0.08,0.08,0.69,0.08,0.54,0.08,0.54,0.23,0.54,0.31,0.42,0.77,3
103,3790,North,India,E C India/ E Central Tribal Area,Andhra Pradesh/ Odisha,"Gadaba, Bhumij",21.77,84.36,0.46,0.08,0.08,0.77,0.77,0.54,0.08,0.08,0.08,0.54,0.85,0.38,0.08,0.08,0.69,0.38,0.77,0.38,0.31,0.77,1.0,0.08,0.0,0.85,0.77,1.0,1.0,0.38,0.54,0.54,1.0,0.77,0.62,0.0,0.0,0.54,0.77,25
104,3791,North,India,E C India/ E Central Tribal Area,Andhra Pradesh/ Odisha,"Gadaba, Bhumij",21.77,84.36,0.46,0.08,0.08,1.0,0.0,0.54,0.08,0.08,0.08,0.31,0.85,0.23,0.08,0.08,0.69,0.92,0.54,1.0,0.08,0.77,0.77,0.46,0.77,0.69,0.77,0.69,1.0,0.69,1.0,0.31,1.0,0.77,0.62,0.54,0.42,0.77,0.31,25
105,3792,North,India,E C India/ E Central Tribal Area,Andhra Pradesh/ Odisha,"Gadaba, Bhumij",21.77,84.36,0.54,0.08,0.08,0.65,0.31,0.54,0.08,0.08,0.08,0.77,0.85,0.38,0.08,0.08,0.69,0.69,0.65,0.85,0.08,0.54,0.31,0.46,0.54,0.69,0.42,0.38,1.0,0.38,0.54,0.08,1.0,0.77,0.54,0.42,0.54,0.54,0.54,25
106,3793,North,India,E C India/ E Central Tribal Area,Andhra Pradesh/ Odisha,"Gadaba, Bhumij",18.56,82.97,0.38,0.08,0.08,0.77,0.77,0.54,0.08,0.08,0.08,0.31,0.85,0.31,0.08,0.08,0.69,0.92,0.88,0.85,0.69,0.77,1.0,0.08,0.54,0.85,0.31,0.69,1.0,0.38,0.54,0.31,1.0,0.77,0.77,0.77,0.77,0.77,0.54,25
107,3794,North,India,E C India/ E Central Tribal Area,Andhra Pradesh/ Odisha,"Gadaba, Bhumij",18.56,82.97,0.38,0.08,0.08,0.77,0.31,0.31,0.08,0.08,0.08,0.54,0.85,0.38,0.08,0.08,0.69,0.92,0.77,0.85,0.85,0.54,0.54,0.08,0.77,0.85,0.31,0.69,1.0,0.69,1.0,0.54,0.54,0.54,0.62,0.77,0.77,0.77,0.54,25
108,3795,North,India,E C India/ E Central Tribal Area,Andhra Pradesh/ Odisha,"Gadaba, Bhumij",18.56,82.97,0.38,0.08,0.08,1.0,0.31,0.31,0.08,0.08,0.08,0.54,0.85,0.31,0.08,0.08,0.69,0.85,0.77,1.0,0.08,1.0,0.54,0.46,0.54,0.85,0.77,0.69,1.0,0.69,1.0,0.54,1.0,0.54,0.62,0.31,0.42,0.77,0.54,25
109,3796,North,India,E C India/ E Central Tribal Area,Andhra Pradesh/ Odisha,"Gadaba, Bhumij",18.56,82.97,0.38,0.15,0.38,1.0,0.77,0.54,0.54,0.54,0.77,0.54,0.46,0.23,0.46,0.69,0.69,0.46,0.77,0.62,0.31,0.54,0.54,0.46,0.54,0.85,0.54,1.0,1.0,0.69,1.0,0.54,1.0,0.54,0.62,0.54,0.54,0.77,0.54,25
110,3785,North,India,C India/ Central Tribal Area,Chhattisgarh,Dorla,24.61,80.48,0.38,0.08,0.08,0.77,0.77,0.77,0.08,0.08,0.08,0.31,0.85,0.23,0.08,0.08,0.69,0.85,0.31,1.0,0.31,0.54,0.77,0.08,0.77,0.69,0.54,0.69,1.0,0.38,1.0,0.31,0.54,0.54,0.62,0.54,0.54,0.54,0.54,9
111,3786,North,India,C India/ Central Tribal Area,Chhattisgarh,Dorla,24.61,80.48,0.38,0.08,0.08,0.77,0.0,0.54,0.08,0.08,0.08,0.54,0.85,0.23,0.08,0.08,0.69,0.92,0.42,0.85,0.08,0.54,0.54,0.08,0.77,0.69,0.54,0.69,1.0,0.38,1.0,0.54,0.0,0.77,0.62,0.0,0.0,0.42,0.54,9
112,3787,North,India,C India/ Central Tribal Area,Chhattisgarh,Dorla,24.61,80.48,0.46,0.08,0.08,0.54,0.0,0.54,0.08,0.08,0.08,0.54,0.85,0.23,0.08,0.08,0.69,0.92,0.54,1.0,0.08,0.31,0.54,0.08,0.77,0.69,0.54,1.0,1.0,0.69,0.54,0.54,1.0,0.54,0.62,0.54,0.54,0.77,0.54,9
113,3788,North,India,C India/ Central Tribal Area,Chhattisgarh,Dorla,14.51,78.36,0.38,0.08,0.08,0.54,0.77,0.54,0.08,0.08,0.08,0.77,0.85,0.23,0.08,0.08,0.69,0.85,0.54,0.85,0.08,1.0,0.54,0.08,0.77,0.69,0.42,1.0,1.0,0.38,0.54,0.77,1.0,1.0,0.62,0.31,0.54,0.77,0.77,9
114,3789,North,India,C India/ Central Tribal Area,Chhattisgarh,Dorla,14.51,78.36,0.77,0.08,0.08,0.54,0.31,0.54,0.08,0.08,0.08,0.54,0.85,0.23,0.08,0.08,0.69,0.38,0.77,0.38,0.08,0.54,0.54,0.08,0.77,0.85,0.54,1.0,1.0,0.69,0.54,0.54,0.54,0.77,0.46,0.31,0.31,0.77,0.77,9
115,3799,North,India,C India/ Central Tribal Area,Chhattisgarh,Dorla,24.61,80.48,0.15,0.08,0.08,1.0,0.77,0.54,0.08,0.08,0.08,0.54,0.85,0.23,0.08,0.08,0.69,0.85,0.77,0.85,0.08,0.54,0.31,0.46,0.77,0.85,0.54,1.0,1.0,0.38,0.54,0.54,1.0,0.42,0.62,0.54,0.77,0.54,0.54,9
116,3800,North,India,C India/ Central Tribal Area,Chhattisgarh,Dorla,14.51,78.36,0.38,0.08,0.08,0.77,0.31,0.31,0.08,0.08,0.08,0.31,0.85,0.38,0.08,0.08,0.69,0.77,0.77,0.85,0.31,0.77,0.54,0.08,0.54,0.69,0.54,0.38,1.0,0.38,0.54,0.31,1.0,0.54,0.0,0.31,0.31,0.54,0.77,9
117,3801,North,India,C India/ Central Tribal Area,Chhattisgarh,Dorla,24.61,80.48,0.46,0.08,0.08,1.0,0.31,0.31,0.08,0.08,0.08,0.54,0.85,0.38,0.08,0.08,0.69,0.92,0.54,0.23,0.69,0.31,0.54,0.46,0.77,0.85,0.77,0.69,1.0,0.38,1.0,0.54,1.0,0.31,0.62,0.54,0.77,0.77,0.77,9
120,759,South,India,Dravidian Deccan,Tamil Nadu,Madras,13.08,80.27,0.62,0.62,0.62,0.54,0.54,0.77,1.0,0.54,1.0,0.54,0.46,0.23,0.69,0.69,0.69,0.92,0.31,1.0,0.08,0.31,0.31,0.08,0.54,0.85,0.54,1.0,1.0,0.69,1.0,0.54,0.54,0.54,0.23,0.31,0.31,0.54,0.31,5
121,760,South,India,Dravidian Deccan,Tamil Nadu,Madras,13.08,80.27,0.15,0.62,0.54,0.31,0.08,0.08,1.0,1.0,0.77,0.08,0.85,0.08,0.69,0.69,0.38,0.31,0.31,0.38,0.08,0.77,0.31,0.08,0.08,0.69,0.31,0.08,0.08,0.69,0.08,0.08,1.0,0.54,0.46,0.31,0.77,0.54,0.31,5
122,844,South,India,C India/ Central Tribal Area,Maharashtra,"Toda, Gond",21.14,79.08,0.69,0.23,0.46,0.54,0.54,0.77,0.54,0.54,1.0,0.54,0.85,0.23,0.46,0.54,0.08,0.92,0.54,1.0,0.08,0.31,0.77,0.08,1.0,0.69,0.77,1.0,1.0,1.0,1.0,0.54,1.0,0.54,0.35,0.42,0.42,0.54,0.31,11
123,845,South,India,Western Ghats,Nilgiri Mtns,"Toda, Gond",21.14,79.08,0.69,0.23,0.38,0.54,0.77,0.77,1.0,0.54,1.0,0.54,0.46,0.23,0.35,0.85,0.69,0.92,0.54,0.85,0.08,0.54,0.77,0.08,0.77,0.69,0.77,1.0,1.0,1.0,1.0,0.54,1.0,0.54,0.35,0.42,0.54,0.54,0.31,11
124,846,South,India,C India/ Central Tribal Area,Maharashtra,"Toda, Gond",21.14,79.08,0.46,0.23,0.46,0.54,0.77,0.77,0.54,0.54,1.0,0.54,0.46,0.23,0.46,0.54,0.69,0.92,0.54,1.0,0.08,0.31,0.77,0.08,0.77,0.69,0.77,1.0,1.0,1.0,1.0,0.54,1.0,0.54,0.35,0.54,0.42,0.54,0.31,11
125,847,South,India,C India/ Central Tribal Area,Maharashtra,"Toda, Gond",21.14,79.08,0.69,0.23,0.46,0.54,0.77,0.77,0.54,0.54,0.77,0.54,0.46,0.23,0.46,0.54,0.69,0.46,0.54,0.69,0.31,0.31,0.54,0.08,1.0,0.69,0.54,1.0,1.0,1.0,1.0,0.54,1.0,0.54,0.35,0.42,0.42,0.54,0.31,11
126,848,South,India,C India/ Central Tribal Area,Maharashtra,"Toda, Gond",21.14,79.08,0.69,0.23,0.38,0.54,0.77,0.77,0.54,0.54,1.0,0.54,0.85,0.23,0.35,0.54,0.69,0.85,0.31,0.85,0.08,0.31,0.54,0.08,0.77,0.69,0.54,1.0,1.0,1.0,1.0,0.54,1.0,0.54,0.46,0.54,0.54,0.54,0.31,11
127,849,South,India,C India/ Central Tribal Area,Maharashtra,"Toda, Gond",21.14,79.08,0.69,0.23,0.38,0.54,0.77,0.77,1.0,0.54,1.0,0.54,0.46,0.23,0.35,0.85,0.69,0.92,0.54,0.85,0.08,0.54,0.54,0.08,0.77,0.77,0.77,1.0,1.0,1.0,0.54,0.54,1.0,0.54,0.35,0.42,0.54,0.54,0.31,11
128,850,South,India,C India/ Central Tribal Area,Maharashtra,"Toda, Gond",21.14,79.08,0.69,0.23,0.46,0.54,0.77,0.77,1.0,0.54,1.0,0.54,0.85,0.23,0.35,0.85,0.69,0.23,0.54,0.62,0.08,0.54,0.54,0.08,0.54,0.69,0.77,1.0,1.0,1.0,1.0,0.54,1.0,0.54,0.35,0.42,0.42,0.54,0.31,11
129,851,South,India,C India/ Central Tribal Area,Maharashtra,"Toda, Gond",21.14,79.08,0.69,0.23,0.46,0.54,0.77,0.77,1.0,0.54,1.0,0.54,0.85,0.23,0.35,0.85,0.69,0.38,0.54,0.62,0.08,0.54,0.54,0.08,0.54,0.69,0.77,1.0,1.0,1.0,1.0,0.54,1.0,0.54,0.35,0.42,0.42,0.54,0.31,11
130,852,South,India,C India/ Central Tribal Area,Maharashtra,"Toda, Gond",21.14,79.08,0.69,0.23,0.69,0.54,0.54,0.77,1.0,0.77,1.0,0.54,0.85,0.23,0.35,0.85,0.69,0.69,0.31,0.08,0.31,0.31,0.54,0.08,0.77,0.69,0.54,1.0,1.0,1.0,1.0,0.54,1.0,0.54,0.35,0.42,0.42,0.54,0.31,11
131,972,South,India,Dravidian Deccan,N E Sri Lanka/ Tamil Nadu,Madras,13.08,80.27,0.31,0.15,0.38,0.31,0.08,0.08,0.54,0.54,1.0,0.08,0.85,0.08,0.46,0.69,0.69,0.69,0.31,1.0,0.69,0.54,0.31,0.08,0.31,0.85,0.77,1.0,1.0,0.69,0.54,0.08,1.0,0.42,0.23,0.31,0.31,0.54,0.31,5
132,973,South,India,Dravidian Deccan,N E Sri Lanka/ Tamil Nadu,Madras,13.08,80.27,0.62,0.62,0.38,0.42,0.54,0.54,1.0,0.54,1.0,0.08,0.46,0.23,0.46,0.69,0.69,0.23,0.31,0.08,0.08,0.77,0.31,0.08,0.31,0.85,0.77,1.0,1.0,0.69,0.54,0.08,1.0,0.42,0.35,0.31,0.31,0.54,0.31,5
133,974,South,India,Dravidian Deccan,Tamil Nadu,Madras,13.08,80.27,0.54,0.62,0.46,0.77,0.77,0.31,0.54,1.0,0.08,0.08,1.0,0.38,0.08,0.08,0.69,0.08,0.08,0.08,0.69,0.77,0.31,0.08,0.08,0.08,0.31,0.08,1.0,0.38,0.08,0.08,1.0,0.77,0.35,0.08,0.54,0.77,0.31,5
134,1843,South,India,Western Ghats,Kerala,Kerala,8.52,76.93,0.69,0.23,0.38,0.54,0.54,1.0,1.0,0.77,1.0,0.54,0.46,0.23,0.46,0.69,0.69,0.23,0.54,0.08,0.31,0.31,0.31,0.08,0.54,0.69,0.77,1.0,1.0,0.69,0.54,0.54,0.54,0.31,0.23,0.31,0.54,0.31,0.54,10
135,1844,South,India,Western Ghats,Kerala,Kerala,8.52,76.93,0.46,0.23,0.46,0.54,0.54,0.77,1.0,0.77,1.0,0.54,0.46,0.23,0.46,0.69,0.69,0.23,0.54,0.08,0.31,0.77,0.54,0.08,0.31,0.69,0.54,1.0,1.0,0.38,0.54,0.54,0.54,0.77,0.23,0.31,0.54,0.54,0.54,10
136,1845,South,India,Western Ghats,Kerala,Kerala,10.85,76.27,0.46,0.23,0.46,0.54,0.54,1.0,1.0,0.77,1.0,0.54,0.46,0.23,0.46,0.85,0.69,0.23,0.31,0.08,0.08,0.54,0.54,0.08,0.31,0.69,0.54,1.0,1.0,0.69,0.54,0.54,0.54,0.54,0.23,0.08,0.31,0.54,0.77,10
137,1846,South,India,Western Ghats,Kerala,Kerala,10.85,76.27,0.77,0.69,0.62,0.77,0.54,0.31,0.54,0.77,0.31,0.31,1.0,0.38,0.92,0.38,0.69,0.08,0.08,0.08,0.85,0.77,0.31,0.08,0.08,0.38,0.54,0.08,0.08,0.38,0.54,0.31,0.08,0.77,0.23,0.31,0.31,0.54,0.08,10
138,1847,South,India,Western Ghats,Kerala,Kerala,10.85,76.27,0.15,0.08,0.08,0.31,0.08,0.08,0.08,0.08,0.08,0.31,0.85,0.08,0.08,0.08,0.69,0.15,0.54,0.08,0.85,0.77,0.31,0.08,0.31,0.38,0.54,0.69,1.0,0.69,0.54,0.31,0.08,0.54,0.35,0.31,0.54,0.54,0.08,10
139,1848,South,India,Western Ghats,Kerala,Kerala,10.85,76.27,0.15,0.15,0.15,0.31,0.08,0.08,0.31,0.08,0.08,0.54,0.85,0.08,0.69,0.08,0.85,0.92,0.54,1.0,0.08,0.31,0.54,0.08,0.31,0.69,0.54,1.0,1.0,0.38,0.54,0.54,1.0,0.31,0.23,0.08,0.31,0.54,0.31,10
140,1849,South,India,Western Ghats,Kerala,Kerala,10.85,76.27,0.62,0.15,0.38,1.0,0.54,1.0,1.0,0.77,1.0,0.54,0.46,0.23,0.46,0.69,0.69,0.38,0.54,0.46,0.08,0.54,0.54,0.77,0.31,0.69,0.77,1.0,1.0,0.38,1.0,0.54,0.08,0.31,0.08,0.08,0.31,0.54,0.54,10
141,1850,South,India,Western Ghats,Kerala,Kerala,10.85,76.27,0.46,0.23,0.38,0.54,0.54,0.77,0.31,0.08,0.77,0.54,0.46,0.23,0.46,0.23,0.69,0.46,0.54,0.23,0.08,0.77,0.54,0.08,0.54,0.69,0.31,1.0,1.0,0.69,0.54,0.54,0.54,0.54,0.62,0.54,0.54,0.54,0.31,10
142,1851,South,India,Western Ghats,Kerala,Kerala,10.85,76.27,0.62,0.23,0.46,1.0,0.77,1.0,0.54,1.0,0.77,0.54,0.46,0.23,0.46,0.23,0.69,0.85,0.54,1.0,0.08,0.54,0.54,0.62,0.31,0.77,0.54,1.0,1.0,0.69,0.54,0.54,0.54,0.54,0.23,0.08,0.31,0.54,0.31,10
143,1852,South,India,Western Ghats,Kerala,Kerala,10.85,76.27,0.73,0.08,0.08,1.0,0.77,0.77,0.08,0.08,0.08,0.54,0.85,0.23,0.08,0.08,0.69,0.15,0.42,0.08,0.08,0.54,0.31,0.62,0.31,0.85,0.54,0.69,1.0,0.38,0.54,0.54,0.54,0.54,0.23,0.08,0.31,0.54,0.08,10
144,3772,South,India,C India/ Central Tribal Area,Chhattisgarh,Dhurwa Gond,18.75,81.78,0.38,0.15,0.46,0.54,0.31,0.77,0.77,1.0,0.54,0.54,0.85,0.38,0.46,0.38,0.69,0.38,0.77,0.62,0.08,1.0,1.0,0.08,0.77,0.69,0.77,0.69,1.0,0.38,1.0,0.54,1.0,0.31,0.77,0.54,0.54,0.31,0.54,12
145,3773,South,India,C India/ Central Tribal Area,Chhattisgarh,Dhurwa Gond,18.75,81.78,0.69,0.08,0.08,0.77,0.54,0.54,0.08,0.08,0.08,0.54,0.85,0.23,0.08,0.08,0.69,0.38,0.77,0.69,0.08,0.77,0.54,0.08,0.31,0.85,0.31,1.0,1.0,0.69,1.0,0.54,0.54,0.77,0.62,0.77,0.77,0.77,0.77,12
146,3774,South,India,C India/ Central Tribal Area,Chhattisgarh,Dhurwa Gond,18.75,81.78,0.38,0.08,0.08,0.88,0.54,0.54,0.08,0.08,0.08,0.77,0.46,0.38,0.08,0.08,0.69,0.85,0.77,1.0,0.08,0.54,0.77,0.23,0.54,0.69,0.54,0.69,1.0,0.38,0.54,0.77,0.54,0.54,0.62,0.31,0.31,0.54,0.54,12
147,3775,South,India,C India/ Central Tribal Area,Chhattisgarh,Dhurwa Gond,18.75,81.78,0.46,0.08,0.08,0.54,0.77,0.54,0.08,0.08,0.08,0.77,0.85,0.23,0.08,0.08,0.69,0.38,0.88,0.62,0.31,0.31,1.0,0.08,0.77,0.69,0.77,1.0,1.0,0.38,0.54,0.77,1.0,0.42,0.77,1.0,1.0,0.54,0.54,12
148,3776,South,India,C India/ Central Tribal Area,Chhattisgarh,Dhurwa Gond,18.75,81.78,0.46,0.92,0.85,0.54,0.77,0.77,0.54,0.54,0.31,0.54,0.46,0.23,0.46,0.54,0.69,0.46,0.77,0.38,0.69,0.54,1.0,0.08,0.77,0.69,0.42,1.0,1.0,0.69,1.0,0.54,1.0,0.42,0.77,1.0,1.0,0.54,0.54,12
149,3777,South,India,C India/ Central Tribal Area,Chhattisgarh,Dhurwa Gond,18.75,81.78,0.81,0.08,0.08,1.0,0.77,0.77,0.08,0.08,0.08,0.31,1.0,0.31,0.08,0.08,0.69,0.77,0.19,0.62,0.08,0.77,0.31,0.23,1.0,0.08,0.77,0.08,1.0,0.38,1.0,0.31,0.54,0.42,0.77,0.77,0.54,0.42,0.77,12
150,3778,South,India,C India/ Central Tribal Area,Chhattisgarh,Dhurwa Gond,22.05,78.93,0.81,0.08,0.08,1.0,0.77,0.77,0.08,0.08,0.08,0.31,1.0,0.31,0.08,0.08,0.69,0.23,0.42,0.62,0.31,1.0,0.31,0.23,0.31,0.23,0.77,0.08,1.0,0.69,0.08,0.31,0.54,0.31,0.77,1.0,1.0,0.77,0.54,12
151,3779,South,India,C India/ Central Tribal Area,Chhattisgarh,Dhurwa Gond,18.75,81.78,0.46,0.08,0.08,0.77,0.77,0.54,0.08,0.08,0.08,0.31,0.85,0.23,0.08,0.08,0.69,0.92,0.77,0.85,0.31,0.77,0.31,0.08,0.54,0.69,0.77,0.38,1.0,0.69,0.54,0.31,0.54,0.31,0.77,0.77,0.77,0.42,0.77,12
152,3780,South,India,C India/ Central Tribal Area,Chhattisgarh,Dhurwa Gond,18.75,81.78,0.38,0.08,0.08,0.54,0.54,0.31,0.08,0.08,0.08,0.31,0.46,0.23,0.08,0.08,0.69,0.92,0.54,1.0,0.08,0.54,0.54,0.08,0.54,0.69,0.54,0.69,1.0,0.38,0.54,0.31,1.0,0.77,0.62,0.54,0.54,0.77,0.77,12
153,3781,South,India,C India/ Central Tribal Area,Chhattisgarh,Dhurwa Gond,18.75,81.78,0.38,0.08,0.08,0.77,0.77,0.54,0.08,0.08,0.08,0.54,0.85,0.23,0.08,0.08,0.69,0.92,0.54,1.0,0.31,0.54,0.54,0.08,0.54,0.85,0.54,0.69,1.0,0.69,1.0,0.54,1.0,0.54,0.62,0.0,0.0,0.54,0.31,12
154,3782,South,India,C India/ Central Tribal Area,Chhattisgarh,Dhurwa Gond,18.75,81.78,0.92,0.62,0.15,0.88,0.77,0.77,0.31,0.08,0.08,0.54,1.0,0.31,0.85,0.69,0.69,0.92,0.42,0.85,0.31,0.54,0.31,0.23,0.77,0.85,0.77,1.0,1.0,0.38,0.54,0.54,1.0,0.54,0.77,0.77,0.77,0.77,0.77,12
155,3783,South,India,C India/ Central Tribal Area,Chhattisgarh,Dhurwa Gond,18.75,81.78,0.15,0.08,0.08,0.31,0.08,0.08,0.08,0.08,0.08,0.77,0.85,0.08,0.08,0.08,0.69,0.77,0.54,1.0,0.31,0.31,0.31,0.08,0.77,0.38,0.31,0.38,1.0,0.69,0.54,0.77,1.0,0.54,0.62,0.54,0.77,0.77,0.77,12
156,3814,South,India,E C India/ E Central Tribal Area,Andhra Pradesh,Koya,16.87,80.92,0.46,0.08,0.08,0.77,0.54,0.54,0.08,0.08,0.08,0.54,0.46,0.38,0.08,0.08,0.69,0.46,0.88,0.62,0.69,0.77,0.54,0.08,0.77,0.85,0.54,0.69,1.0,0.69,1.0,0.54,1.0,0.77,0.46,0.31,0.31,0.54,0.77,4
157,3815,South,India,E C India/ E Central Tribal Area,Andhra Pradesh,Koya,16.87,80.92,0.38,0.08,0.08,0.54,0.54,0.54,0.08,0.08,0.08,0.54,0.46,0.23,0.08,0.08,0.69,0.46,1.0,0.23,0.08,0.77,0.54,0.08,0.77,0.85,0.42,0.69,1.0,0.69,1.0,0.54,1.0,0.42,0.62,0.42,0.54,0.54,0.77,4
158,3816,South,India,E C India/ E Central Tribal Area,Andhra Pradesh,Koya,16.87,80.92,0.46,0.08,0.08,0.54,0.77,0.77,0.08,0.08,0.08,0.77,0.85,0.23,0.08,0.08,0.69,0.38,0.88,0.62,0.08,0.77,0.54,0.08,0.77,0.85,0.31,0.69,1.0,0.69,1.0,0.77,1.0,0.42,0.62,0.54,0.77,0.54,0.77,4
159,3817,South,India,E C India/ E Central Tribal Area,Andhra Pradesh,Koya,16.87,80.92,0.38,0.08,0.08,0.54,0.54,0.54,0.08,0.08,0.08,0.54,0.85,0.23,0.08,0.08,0.69,0.23,0.88,0.08,0.69,0.54,0.54,0.08,0.77,0.85,0.77,0.69,1.0,0.38,0.54,0.54,0.54,0.77,0.62,0.31,0.31,0.54,0.42,4
160,3844,South,India,C India/ Central Tribal Area,Chhattisgarh/ Madhya Pradesh/ Maharashtra/ Telangana,Kolam,15.91,79.74,0.69,0.15,0.38,0.54,0.31,0.54,1.0,0.77,0.77,0.77,0.85,0.38,0.46,0.85,0.69,0.23,0.54,0.08,0.31,0.54,0.54,0.08,0.31,0.85,0.77,1.0,1.0,0.69,1.0,0.77,0.54,0.42,0.23,0.31,0.54,0.54,0.77,3
161,3845,South,India,C India/ Central Tribal Area,Chhattisgarh/ Madhya Pradesh/ Maharashtra/ Telangana,Kolam,15.91,79.74,0.69,0.77,0.38,0.54,0.54,0.54,1.0,0.54,0.31,0.77,0.85,0.23,0.85,0.69,0.69,0.92,0.77,1.0,0.31,0.54,0.54,0.08,0.54,0.85,0.77,0.69,0.69,0.69,1.0,0.77,1.0,0.42,0.23,0.31,0.54,0.54,0.54,3
162,3846,South,India,C India/ Central Tribal Area,Chhattisgarh/ Madhya Pradesh/ Maharashtra/ Telangana,Kolam,15.91,79.74,0.62,0.92,0.38,0.77,0.31,0.31,1.0,0.31,0.77,0.54,0.85,0.38,0.46,0.85,0.69,0.23,0.77,0.08,0.31,0.54,0.54,0.08,0.54,0.69,0.42,0.69,1.0,0.38,0.54,0.54,0.54,0.54,0.62,0.31,0.54,0.77,0.31,3
163,3853,South,India,C India/ Central Tribal Area,Maharashtra,"Toda, Gond",22.34,78.66,0.46,0.15,0.38,0.54,0.54,0.54,1.0,0.77,0.77,0.54,0.46,0.23,0.46,0.69,0.69,0.92,0.77,0.85,0.31,0.54,0.54,0.08,0.77,0.85,0.77,1.0,1.0,0.69,0.54,0.54,1.0,0.42,0.46,0.54,0.42,0.54,0.77,11
164,3854,South,India,C India/ Central Tribal Area,Maharashtra,"Toda, Gond",22.59,80.37,0.46,0.15,0.38,0.88,0.54,0.77,1.0,0.54,0.77,0.77,0.46,0.38,0.46,0.69,0.69,0.85,0.54,0.85,0.19,0.54,0.54,0.62,0.54,0.77,0.77,1.0,1.0,0.69,1.0,0.77,1.0,0.54,0.62,0.54,0.31,0.54,0.77,11
165,3784,South,India,C India/ Central Tribal Area,Chhattisgarh,Dorla,24.61,80.48,0.38,0.08,0.08,0.77,0.77,0.54,0.08,0.08,0.08,0.54,0.85,0.23,0.08,0.08,0.69,0.92,0.54,0.85,0.31,0.54,0.54,0.08,0.77,0.85,0.54,0.69,1.0,0.38,0.54,0.54,1.0,0.54,0.62,0.54,0.54,0.54,0.54,9
166,3802,South,India,C India/ Central Tribal Area,Malwa,Korku,21.77,78.17,0.46,0.15,0.15,1.0,0.54,0.77,0.31,0.08,0.08,0.54,0.85,0.38,0.46,0.08,0.69,0.85,0.54,0.85,0.69,0.54,0.77,0.46,0.77,0.69,0.31,0.69,1.0,0.69,1.0,0.54,1.0,0.77,0.46,0.31,0.31,0.77,0.77,10
167,3803,South,India,C India/ Central Tribal Area,Malwa,Korku,21.77,78.17,0.46,0.15,0.38,0.77,0.77,0.77,1.0,0.77,0.77,0.54,0.85,0.38,0.46,0.85,0.69,0.92,0.77,0.85,0.31,0.54,0.54,0.08,0.31,0.85,0.77,1.0,1.0,0.69,1.0,0.54,1.0,0.77,0.46,0.31,0.31,0.54,0.31,10
168,3804,South,India,C India/ Central Tribal Area,Malwa,Korku,21.77,78.17,0.81,0.15,0.38,0.77,0.54,0.54,1.0,0.77,0.77,0.77,0.85,0.31,0.46,0.85,0.69,0.92,0.54,1.0,0.31,0.54,0.31,0.08,0.54,0.85,0.77,1.0,1.0,0.38,1.0,0.77,1.0,0.54,0.46,0.42,0.42,0.54,0.42,10
169,3805,South,India,C India/ Central Tribal Area,Malwa,Korku,21.77,78.17,0.15,0.08,0.08,0.31,0.08,0.08,0.08,0.08,0.08,0.54,0.85,0.08,0.08,0.08,0.69,0.85,0.77,0.85,0.08,0.54,0.31,0.08,0.54,0.77,0.31,0.69,1.0,0.69,1.0,0.54,1.0,0.54,0.62,0.42,0.54,0.77,0.77,10
170,3806,South,India,C India/ Central Tribal Area,Malwa,Korku,21.77,78.17,0.15,0.08,0.08,0.31,0.08,0.08,0.08,0.08,0.08,0.54,0.85,0.08,0.08,0.08,0.69,0.85,0.54,1.0,0.69,0.31,0.54,0.08,0.77,0.85,0.31,0.69,1.0,0.69,1.0,0.54,1.0,0.54,0.62,0.54,0.54,0.54,0.77,10
171,3807,South,India,C India/ Central Tribal Area,Malwa,Korku,21.77,78.17,0.15,0.08,0.08,0.31,0.08,0.08,0.08,0.08,0.08,0.31,0.85,0.08,0.08,0.08,0.69,0.92,0.77,0.85,0.69,0.31,0.54,0.08,0.54,0.85,0.54,1.0,1.0,0.69,0.54,0.31,1.0,0.54,0.62,0.54,0.54,0.77,0.77,10
172,3808,South,India,C India/ Central Tribal Area,Malwa,Korku,21.77,78.17,0.46,0.08,0.08,0.77,0.54,0.31,0.08,0.08,0.08,0.54,0.85,0.38,0.08,0.08,0.69,0.85,0.54,1.0,0.31,0.31,0.31,0.08,0.31,0.69,0.54,0.69,1.0,0.69,0.54,0.54,0.54,0.77,0.62,0.31,0.54,0.54,0.77,10
173,3809,South,India,C India/ Central Tribal Area,Malwa,Korku,21.77,78.17,0.46,0.08,0.08,0.77,0.31,0.54,0.08,0.08,0.08,0.54,0.85,0.38,0.08,0.08,0.69,0.69,0.54,1.0,0.08,0.31,0.31,0.08,0.54,0.38,0.31,0.69,1.0,0.69,0.54,0.54,1.0,0.77,0.62,0.08,0.54,0.77,1.0,10
174,3810,South,India,C India/ Central Tribal Area,Malwa,Korku,21.77,78.17,0.15,0.08,0.08,0.31,0.08,0.08,0.08,0.08,0.08,0.77,0.85,0.08,0.08,0.08,0.69,0.85,0.77,0.81,0.85,0.31,0.54,0.08,0.77,0.69,0.42,0.69,1.0,0.69,1.0,0.77,1.0,0.54,0.62,0.31,0.54,0.42,0.54,10
175,3811,South,India,C India/ Central Tribal Area,Malwa,Korku,21.77,78.17,0.69,0.08,0.08,0.77,0.31,0.31,0.08,0.08,0.08,0.54,0.85,0.23,0.08,0.08,0.69,0.85,0.54,1.0,0.08,0.31,0.54,0.08,0.54,0.69,0.54,0.69,1.0,0.38,0.54,0.54,1.0,0.77,0.35,0.31,0.54,0.77,0.54,10
176,9892,South,India,E C India/ E Central Tribal Area,Odisha,Bonda,18.55,82.73,0.35,0.15,0.15,0.77,0.54,0.77,0.31,0.08,0.08,0.77,0.46,0.23,0.23,0.08,0.69,0.85,0.54,1.0,0.08,0.31,0.31,0.08,0.77,0.85,0.54,0.69,0.08,0.38,0.54,0.77,1.0,0.77,0.23,0.31,0.08,0.31,0.54,3
177,9893,South,India,E C India/ E Central Tribal Area,Odisha,Bonda,18.55,82.73,0.38,0.15,0.15,0.77,0.54,0.77,0.31,0.08,0.08,0.54,0.46,0.23,0.23,0.08,0.69,0.77,0.42,0.85,0.08,0.31,0.77,0.08,1.0,0.85,0.54,1.0,0.08,0.69,0.54,0.54,1.0,0.54,0.35,0.54,0.54,0.54,0.54,3
178,9894,South,India,E C India/ E Central Tribal Area,Odisha,Bonda,18.55,82.73,0.5,0.62,0.15,0.77,0.54,0.54,0.31,0.08,0.08,0.31,0.85,0.23,0.23,0.08,0.69,0.85,0.54,1.0,0.08,0.31,0.77,0.27,0.88,0.69,0.54,0.69,1.0,0.38,0.54,0.31,1.0,0.54,0.62,0.54,0.54,0.54,0.54,3
